Talla_Cruda,Talla_Limpia,Estado
1-2 Years / Ash Grey,BLACKLISTED,🛑 Bloqueada
1-2 Years / Flat White,BLACKLISTED,🛑 Bloqueada
1-2 Years / Lilac,BLACKLISTED,🛑 Bloqueada
1-2 Years / Powder Blue,BLACKLISTED,🛑 Bloqueada
2-3 Years / Ash Grey,BLACKLISTED,🛑 Bloqueada
2-3 Years / Flat White,BLACKLISTED,🛑 Bloqueada
2-3 Years / Grey Marl,BLACKLISTED,🛑 Bloqueada
2-3 Years / Lilac,BLACKLISTED,🛑 Bloqueada
2-3 Years / Powder Blue,BLACKLISTED,🛑 Bloqueada
28 / Black,BLACKLISTED,🛑 Bloqueada
28 / Blue Marble,BLACKLISTED,🛑 Bloqueada
28 / Heritage Blue,BLACKLISTED,🛑 Bloqueada
28 / Jet Black,BLACKLISTED,🛑 Bloqueada
28 / Midnight Black,BLACKLISTED,🛑 Bloqueada
28 / Shadow,BLACKLISTED,🛑 Bloqueada
29 / Blue Marble,BLACKLISTED,🛑 Bloqueada
29 / Heritage Blue,BLACKLISTED,🛑 Bloqueada
29 / Jet Black,BLACKLISTED,🛑 Bloqueada
29 / Midnight Black,BLACKLISTED,🛑 Bloqueada
29 / Shadow,BLACKLISTED,🛑 Bloqueada
3-4 Years / Ash Grey,BLACKLISTED,🛑 Bloqueada
3-4 Years / Cobalt,BLACKLISTED,🛑 Bloqueada
3-4 Years / Flat White,BLACKLISTED,🛑 Bloqueada
3-4 Years / Mushroom,BLACKLISTED,🛑 Bloqueada
3-4 Years / Powder Blue,BLACKLISTED,🛑 Bloqueada
30 / Black,BLACKLISTED,🛑 Bloqueada
30 / Blue Marble,BLACKLISTED,🛑 Bloqueada
30 / Heritage Blue,BLACKLISTED,🛑 Bloqueada
30 / Jet Black,BLACKLISTED,🛑 Bloqueada
30 / Midnight Black,BLACKLISTED,🛑 Bloqueada
30 / Off Black,BLACKLISTED,🛑 Bloqueada
30 / Shadow,BLACKLISTED,🛑 Bloqueada
30 / Tobacco Blue,BLACKLISTED,🛑 Bloqueada
31 / Black,BLACKLISTED,🛑 Bloqueada
31 / Blue Marble,BLACKLISTED,🛑 Bloqueada
31 / Heritage Blue,BLACKLISTED,🛑 Bloqueada
31 / Jet Black,BLACKLISTED,🛑 Bloqueada
31 / Midnight Black,BLACKLISTED,🛑 Bloqueada
31 / Shadow,BLACKLISTED,🛑 Bloqueada
32 / Blue Marble,BLACKLISTED,🛑 Bloqueada
32 / Heritage Blue,BLACKLISTED,🛑 Bloqueada
32 / Jet Black,BLACKLISTED,🛑 Bloqueada
32 / Midnight Black,BLACKLISTED,🛑 Bloqueada
32 / Shadow,BLACKLISTED,🛑 Bloqueada
33 / Black,BLACKLISTED,🛑 Bloqueada
33 / Blue Marble,BLACKLISTED,🛑 Bloqueada
33 / Heritage Blue,BLACKLISTED,🛑 Bloqueada
33 / Jet Black,BLACKLISTED,🛑 Bloqueada
33 / Midnight Black,BLACKLISTED,🛑 Bloqueada
33 / Shadow,BLACKLISTED,🛑 Bloqueada
33 / Tobacco Blue,BLACKLISTED,🛑 Bloqueada
34 / Black,BLACKLISTED,🛑 Bloqueada
34 / Blue Cream,BLACKLISTED,🛑 Bloqueada
34 / Blue Marble,BLACKLISTED,🛑 Bloqueada
34 / Heritage Blue,BLACKLISTED,🛑 Bloqueada
34 / Jet Black,BLACKLISTED,🛑 Bloqueada
34 / Midnight Black,BLACKLISTED,🛑 Bloqueada
34 / Shadow,BLACKLISTED,🛑 Bloqueada
36 / Blue Marble,BLACKLISTED,🛑 Bloqueada
36 / Heritage Blue,BLACKLISTED,🛑 Bloqueada
36 / Jet Black,BLACKLISTED,🛑 Bloqueada
36 / Mid Blue,BLACKLISTED,🛑 Bloqueada
36 / Midnight Black,BLACKLISTED,🛑 Bloqueada
36 / Shadow,BLACKLISTED,🛑 Bloqueada
38 / Blue Marble,BLACKLISTED,🛑 Bloqueada
38 / Heritage Blue,BLACKLISTED,🛑 Bloqueada
38 / Jet Black,BLACKLISTED,🛑 Bloqueada
38 / Midnight Black,BLACKLISTED,🛑 Bloqueada
38 / Shadow,BLACKLISTED,🛑 Bloqueada
4-5 Years / Ash Grey,BLACKLISTED,🛑 Bloqueada
4-5 Years / Flat White,BLACKLISTED,🛑 Bloqueada
4-5 Years / Lilac,BLACKLISTED,🛑 Bloqueada
4-5 Years / Mushroom,BLACKLISTED,🛑 Bloqueada
4-5 Years / Powder Blue,BLACKLISTED,🛑 Bloqueada
5-6 Years / Ash Grey,BLACKLISTED,🛑 Bloqueada
5-6 Years / Flat White,BLACKLISTED,🛑 Bloqueada
5-6 Years / Lilac,BLACKLISTED,🛑 Bloqueada
5-6 Years / Mushroom,BLACKLISTED,🛑 Bloqueada
5-6 Years / Powder Blue,BLACKLISTED,🛑 Bloqueada
Agave Green / One Size,BLACKLISTED,🛑 Bloqueada
Amber Dust / EU38 | UK5.5 | US6,BLACKLISTED,🛑 Bloqueada
Amber Dust / EU39 | UK6 | US6.5,BLACKLISTED,🛑 Bloqueada
Amber Dust / EU40 | UK6.5 | US7,BLACKLISTED,🛑 Bloqueada
Amber Dust / EU41 | UK7 | US8,BLACKLISTED,🛑 Bloqueada
Amber Dust / EU42 | UK8 | US8.5,BLACKLISTED,🛑 Bloqueada
Amber Dust / EU43 | UK9 | US9.5,BLACKLISTED,🛑 Bloqueada
Amber Dust / EU44 | UK9.5 | US10,BLACKLISTED,🛑 Bloqueada
Amber Dust / EU45 | UK10.5 | US11,BLACKLISTED,🛑 Bloqueada
Amber Dust / EU46 | UK11.5 | US12,BLACKLISTED,🛑 Bloqueada
Army Green / 120cm,BLACKLISTED,🛑 Bloqueada
BLACK / 10,BLACKLISTED,🛑 Bloqueada
BLACK / 10.5,BLACKLISTED,🛑 Bloqueada
BLACK / 11,BLACKLISTED,🛑 Bloqueada
BLACK / 11.5,BLACKLISTED,🛑 Bloqueada
BLACK / 12,BLACKLISTED,🛑 Bloqueada
BLACK / 13,BLACKLISTED,🛑 Bloqueada
BLACK / 4,BLACKLISTED,🛑 Bloqueada
BLACK / 5,BLACKLISTED,🛑 Bloqueada
BLACK / 6,BLACKLISTED,🛑 Bloqueada
BLACK / 6.5,BLACKLISTED,🛑 Bloqueada
BLACK / 7,BLACKLISTED,🛑 Bloqueada
BLACK / 7.5,BLACKLISTED,🛑 Bloqueada
BLACK / 8,BLACKLISTED,🛑 Bloqueada
BLACK / 8.5,BLACKLISTED,🛑 Bloqueada
BLACK / 9,BLACKLISTED,🛑 Bloqueada
BLACK / 9.5,BLACKLISTED,🛑 Bloqueada
BLACK / L,BLACKLISTED,🛑 Bloqueada
BLACK / M,BLACKLISTED,🛑 Bloqueada
BLACK / One Size,BLACKLISTED,🛑 Bloqueada
BLACK / S,BLACKLISTED,🛑 Bloqueada
BLACK / XL,BLACKLISTED,🛑 Bloqueada
BLACK / XS,BLACKLISTED,🛑 Bloqueada
BLACK / XXL,BLACKLISTED,🛑 Bloqueada
BLUE / WHITE STRIPE / XL,BLACKLISTED,🛑 Bloqueada
BLUE / WHITE STRIPE / XXL,BLACKLISTED,🛑 Bloqueada
BRIGHT WHITE / L,BLACKLISTED,🛑 Bloqueada
BRIGHT WHITE / M,BLACKLISTED,🛑 Bloqueada
BRIGHT WHITE / One Size,BLACKLISTED,🛑 Bloqueada
BRIGHT WHITE / S,BLACKLISTED,🛑 Bloqueada
BRIGHT WHITE / XL,BLACKLISTED,🛑 Bloqueada
BRIGHT WHITE / XS,BLACKLISTED,🛑 Bloqueada
BRIGHT WHITE / XXL,BLACKLISTED,🛑 Bloqueada
Barbados Cherry / L,BLACKLISTED,🛑 Bloqueada
Barbados Cherry / M,BLACKLISTED,🛑 Bloqueada
Barbados Cherry / One Size,BLACKLISTED,🛑 Bloqueada
Barbados Cherry / S,BLACKLISTED,🛑 Bloqueada
Barbados Cherry / XL,BLACKLISTED,🛑 Bloqueada
Barbados Cherry / XS,BLACKLISTED,🛑 Bloqueada
Barbados Cherry / XXL,BLACKLISTED,🛑 Bloqueada
Beige / 2XL,BLACKLISTED,🛑 Bloqueada
Beige / 39-40,BLACKLISTED,🛑 Bloqueada
Beige / 3XL,BLACKLISTED,🛑 Bloqueada
Beige / 41-42,BLACKLISTED,🛑 Bloqueada
Beige / 43-44,BLACKLISTED,🛑 Bloqueada
Beige / 45-46,BLACKLISTED,🛑 Bloqueada
Beige / L,BLACKLISTED,🛑 Bloqueada
Beige / M,BLACKLISTED,🛑 Bloqueada
Beige / XL,BLACKLISTED,🛑 Bloqueada
Beige Stripe / L,BLACKLISTED,🛑 Bloqueada
Beige Stripe / M,BLACKLISTED,🛑 Bloqueada
Beige Stripe / S,BLACKLISTED,🛑 Bloqueada
Beige Stripe / XL,BLACKLISTED,🛑 Bloqueada
Beige Stripe / XS,BLACKLISTED,🛑 Bloqueada
Beige Stripe / XXL,BLACKLISTED,🛑 Bloqueada
Black,BLACKLISTED,🛑 Bloqueada
Black / 120cm,BLACKLISTED,🛑 Bloqueada
Black / EU38 | UK5.5 | US6,BLACKLISTED,🛑 Bloqueada
Black / EU39 | UK6 | US6.5,BLACKLISTED,🛑 Bloqueada
Black / EU40 | UK6.5 | US7,BLACKLISTED,🛑 Bloqueada
Black / EU41 | UK7 | US8,BLACKLISTED,🛑 Bloqueada
Black / EU42 | UK8 | US8.5,BLACKLISTED,🛑 Bloqueada
Black / EU43 | UK9 | US9.5,BLACKLISTED,🛑 Bloqueada
Black / EU44 | UK9.5 | US10,BLACKLISTED,🛑 Bloqueada
Black / EU45 | UK10.5 | US11,BLACKLISTED,🛑 Bloqueada
Black / EU46 | UK11.5 | US12,BLACKLISTED,🛑 Bloqueada
Black / EU47,BLACKLISTED,🛑 Bloqueada
Black / EU47 | UK12.5 | US13,BLACKLISTED,🛑 Bloqueada
Black / L,BLACKLISTED,🛑 Bloqueada
Black / M,BLACKLISTED,🛑 Bloqueada
Black / ONE SIZE,BLACKLISTED,🛑 Bloqueada
Black / OS,BLACKLISTED,🛑 Bloqueada
Black / One Size,BLACKLISTED,🛑 Bloqueada
Black / XL,BLACKLISTED,🛑 Bloqueada
Black Grain / EU38 | UK5.5 | US6,BLACKLISTED,🛑 Bloqueada
Black Grain / EU39 | UK6 | US6.5,BLACKLISTED,🛑 Bloqueada
Black Grain / EU40 | UK6.5 | US7,BLACKLISTED,🛑 Bloqueada
Black Grain / EU41 | UK7 | US8,BLACKLISTED,🛑 Bloqueada
Black Grain / EU42 | UK8 | US8.5,BLACKLISTED,🛑 Bloqueada
Black Grain / EU43 | UK9 | US9.5,BLACKLISTED,🛑 Bloqueada
Black Grain / EU44 | UK9.5 | US10,BLACKLISTED,🛑 Bloqueada
Black Grain / EU45 | UK10.5 | US11,BLACKLISTED,🛑 Bloqueada
Black Grain / EU46 | UK11.5 | US12,BLACKLISTED,🛑 Bloqueada
Bleach Wash / L,BLACKLISTED,🛑 Bloqueada
Bleach Wash / M,BLACKLISTED,🛑 Bloqueada
Bleach Wash / S,BLACKLISTED,🛑 Bloqueada
Bleach Wash / XL,BLACKLISTED,🛑 Bloqueada
Bleach Wash / XXL,BLACKLISTED,🛑 Bloqueada
Blue / XL,BLACKLISTED,🛑 Bloqueada
Blue / XS/26W,BLACKLISTED,🛑 Bloqueada
Blue Ribbon Wash / XS,BLACKLISTED,🛑 Bloqueada
Botanical Green / L,BLACKLISTED,🛑 Bloqueada
Botanical Green / M,BLACKLISTED,🛑 Bloqueada
Botanical Green / S,BLACKLISTED,🛑 Bloqueada
Brown / 120cm,BLACKLISTED,🛑 Bloqueada
Brown / 28,BLACKLISTED,🛑 Bloqueada
Brown / 30,BLACKLISTED,🛑 Bloqueada
Brown / 32,BLACKLISTED,🛑 Bloqueada
Brown / 34,BLACKLISTED,🛑 Bloqueada
Brown / 36,BLACKLISTED,🛑 Bloqueada
Brown / 38,BLACKLISTED,🛑 Bloqueada
Brown / 40,BLACKLISTED,🛑 Bloqueada
Brown / 42,BLACKLISTED,🛑 Bloqueada
Brown / 44,BLACKLISTED,🛑 Bloqueada
Brown / EU38 | UK5.5 | US6,BLACKLISTED,🛑 Bloqueada
Brown / EU39 | UK6 | US6.5,BLACKLISTED,🛑 Bloqueada
Brown / EU40 | UK6.5 | US7,BLACKLISTED,🛑 Bloqueada
Brown / EU41 | UK7 | US8,BLACKLISTED,🛑 Bloqueada
Brown / EU42 | UK8 | US8.5,BLACKLISTED,🛑 Bloqueada
Brown / EU43 | UK9 | US9.5,BLACKLISTED,🛑 Bloqueada
Brown / EU44 | UK9.5 | US10,BLACKLISTED,🛑 Bloqueada
Brown / EU44 | UK9.5 | US910,BLACKLISTED,🛑 Bloqueada
Brown / EU45 | UK10.5 | US11,BLACKLISTED,🛑 Bloqueada
Brown / EU45 | UK10.5 | US911,BLACKLISTED,🛑 Bloqueada
Brown / EU46 | UK11.5 | US12,BLACKLISTED,🛑 Bloqueada
Brown / EU46 | UK11.5 | US912,BLACKLISTED,🛑 Bloqueada
Brown / EU47,BLACKLISTED,🛑 Bloqueada
Brown / EU47 | UK12.5 | US13,BLACKLISTED,🛑 Bloqueada
Brown / L,BLACKLISTED,🛑 Bloqueada
Brown / M,BLACKLISTED,🛑 Bloqueada
Brown / One Size,BLACKLISTED,🛑 Bloqueada
Brown / S,BLACKLISTED,🛑 Bloqueada
Brown / XL,BLACKLISTED,🛑 Bloqueada
Brown / XS,BLACKLISTED,🛑 Bloqueada
Brown / XXL,BLACKLISTED,🛑 Bloqueada
Brown Grain / EU38 | UK5.5 | US6,BLACKLISTED,🛑 Bloqueada
Brown Grain / EU39 | UK6 | US6.5,BLACKLISTED,🛑 Bloqueada
Brown Grain / EU40 | UK6.5 | US7,BLACKLISTED,🛑 Bloqueada
Brown Grain / EU41 | UK7 | US8,BLACKLISTED,🛑 Bloqueada
Brown Grain / EU42 | UK8 | US8.5,BLACKLISTED,🛑 Bloqueada
Brown Grain / EU43 | UK9 | US9.5,BLACKLISTED,🛑 Bloqueada
Brown Grain / EU44 | UK9.5 | US10,BLACKLISTED,🛑 Bloqueada
Brown Grain / EU45 | UK10.5 | US11,BLACKLISTED,🛑 Bloqueada
Brown Grain / EU46 | UK11.5 | US12,BLACKLISTED,🛑 Bloqueada
Brown Grain / EU47,BLACKLISTED,🛑 Bloqueada
Brown Grain / EU47 | UK12.5 | US13,BLACKLISTED,🛑 Bloqueada
Brown Suede / EU38 | UK5.5 | US6,BLACKLISTED,🛑 Bloqueada
Brown Suede / EU39 | UK6 | US6.5,BLACKLISTED,🛑 Bloqueada
Brown Suede / EU40 | UK6.5 | US7,BLACKLISTED,🛑 Bloqueada
Brown Suede / EU41 | UK7 | US8,BLACKLISTED,🛑 Bloqueada
Brown Suede / EU42 | UK8 | US8.5,BLACKLISTED,🛑 Bloqueada
Brown Suede / EU43 | UK9 | US9.5,BLACKLISTED,🛑 Bloqueada
Brown Suede / EU44 | 9.5 | US10,BLACKLISTED,🛑 Bloqueada
Brown Suede / EU45 | UK10.5 | US11,BLACKLISTED,🛑 Bloqueada
Brown Suede / EU46 | UK11.5 | US12,BLACKLISTED,🛑 Bloqueada
Brown Suede / EU47 | UK12.5 | US13,BLACKLISTED,🛑 Bloqueada
CREAM / L,BLACKLISTED,🛑 Bloqueada
CREAM / M,BLACKLISTED,🛑 Bloqueada
CREAM / S,BLACKLISTED,🛑 Bloqueada
CREAM / XL,BLACKLISTED,🛑 Bloqueada
CREAM / XS,BLACKLISTED,🛑 Bloqueada
CROWN BLUE / One Size,BLACKLISTED,🛑 Bloqueada
DARK WASH / L,BLACKLISTED,🛑 Bloqueada
DARK WASH / M,BLACKLISTED,🛑 Bloqueada
DARK WASH / One Size,BLACKLISTED,🛑 Bloqueada
DARK WASH / S,BLACKLISTED,🛑 Bloqueada
DARK WASH / XL,BLACKLISTED,🛑 Bloqueada
DARK WASH / XS,BLACKLISTED,🛑 Bloqueada
DARK WASH / XXL,BLACKLISTED,🛑 Bloqueada
Dark Grey / L,BLACKLISTED,🛑 Bloqueada
Dark Grey / M,BLACKLISTED,🛑 Bloqueada
Default Title,BLACKLISTED,🛑 Bloqueada
Dusty Brown / EU38 | UK5.5 |US6,BLACKLISTED,🛑 Bloqueada
Dusty Brown / EU39 | UK6 | US6.5,BLACKLISTED,🛑 Bloqueada
Dusty Brown / EU40 | UK6.5 | US7,BLACKLISTED,🛑 Bloqueada
Dusty Brown / EU41  | UK7 | US8,BLACKLISTED,🛑 Bloqueada
Dusty Brown / EU42 | UK8 | US8.5,BLACKLISTED,🛑 Bloqueada
Dusty Brown / EU43 | UK9 | US9.5,BLACKLISTED,🛑 Bloqueada
Dusty Brown / EU44 | UK9.5 | US10,BLACKLISTED,🛑 Bloqueada
Dusty Brown / EU45 | UK10.5 | US11,BLACKLISTED,🛑 Bloqueada
Dusty Brown / EU46 | UK11.5 | US12,BLACKLISTED,🛑 Bloqueada
Fern Green / L,BLACKLISTED,🛑 Bloqueada
Fern Green / M,BLACKLISTED,🛑 Bloqueada
Fern Green / S,BLACKLISTED,🛑 Bloqueada
Fern Green / XL,BLACKLISTED,🛑 Bloqueada
Fern Green / XS,BLACKLISTED,🛑 Bloqueada
Fern Green / XXL,BLACKLISTED,🛑 Bloqueada
Grass green / ONE SIZE,BLACKLISTED,🛑 Bloqueada
Green / 10,BLACKLISTED,🛑 Bloqueada
Green / 10.5,BLACKLISTED,🛑 Bloqueada
Green / 11,BLACKLISTED,🛑 Bloqueada
Green / 11.5,BLACKLISTED,🛑 Bloqueada
Green / 12,BLACKLISTED,🛑 Bloqueada
Green / 13,BLACKLISTED,🛑 Bloqueada
Green / 4,BLACKLISTED,🛑 Bloqueada
Green / 5,BLACKLISTED,🛑 Bloqueada
Green / 5 / TEST - Green,BLACKLISTED,🛑 Bloqueada
Green / 6,BLACKLISTED,🛑 Bloqueada
Green / 6 / TEST - Green,BLACKLISTED,🛑 Bloqueada
Green / 6.5,BLACKLISTED,🛑 Bloqueada
Green / 7,BLACKLISTED,🛑 Bloqueada
Green / 7.5,BLACKLISTED,🛑 Bloqueada
Green / 8,BLACKLISTED,🛑 Bloqueada
Green / 8.5,BLACKLISTED,🛑 Bloqueada
Green / 9,BLACKLISTED,🛑 Bloqueada
Green / 9.5,BLACKLISTED,🛑 Bloqueada
Green / L,BLACKLISTED,🛑 Bloqueada
Green / M,BLACKLISTED,🛑 Bloqueada
Green / XL,BLACKLISTED,🛑 Bloqueada
Green Leather / One Size,BLACKLISTED,🛑 Bloqueada
Grey / EU41 | UK7 | US8,BLACKLISTED,🛑 Bloqueada
Grey / EU42 | UK8 | US8.5,BLACKLISTED,🛑 Bloqueada
Grey / EU43 | UK9 | US9.5,BLACKLISTED,🛑 Bloqueada
Grey / EU44 | UK9.5 | US10,BLACKLISTED,🛑 Bloqueada
Grey / EU45 | UK10.5 | US11,BLACKLISTED,🛑 Bloqueada
Grey / EU46 | UK11.5 | US12,BLACKLISTED,🛑 Bloqueada
Grey / EU47 | UK12.5 | US13,BLACKLISTED,🛑 Bloqueada
Grey / L,BLACKLISTED,🛑 Bloqueada
Grey / M,BLACKLISTED,🛑 Bloqueada
Heather Grey / L,BLACKLISTED,🛑 Bloqueada
Heather Grey / M,BLACKLISTED,🛑 Bloqueada
Heather Grey / S,BLACKLISTED,🛑 Bloqueada
Heather Grey / XL,BLACKLISTED,🛑 Bloqueada
Heather Grey / XS,BLACKLISTED,🛑 Bloqueada
Heather Grey / XXL,BLACKLISTED,🛑 Bloqueada
Henna Wash / 28,BLACKLISTED,🛑 Bloqueada
Henna Wash / 30,BLACKLISTED,🛑 Bloqueada
Henna Wash / 32,BLACKLISTED,🛑 Bloqueada
Henna Wash / 34,BLACKLISTED,🛑 Bloqueada
Henna Wash / 36,BLACKLISTED,🛑 Bloqueada
Henna Wash / 38,BLACKLISTED,🛑 Bloqueada
Henna Wash / L,BLACKLISTED,🛑 Bloqueada
Henna Wash / M,BLACKLISTED,🛑 Bloqueada
Henna Wash / S,BLACKLISTED,🛑 Bloqueada
Henna Wash / XL,BLACKLISTED,🛑 Bloqueada
Henna Wash / XXL,BLACKLISTED,🛑 Bloqueada
Illusion Blue / L,BLACKLISTED,🛑 Bloqueada
Illusion Blue / M,BLACKLISTED,🛑 Bloqueada
Illusion Blue / S,BLACKLISTED,🛑 Bloqueada
Illusion Blue / XL,BLACKLISTED,🛑 Bloqueada
Illusion Blue / XS,BLACKLISTED,🛑 Bloqueada
Illusion Blue / XXL,BLACKLISTED,🛑 Bloqueada
JET BLACK / L,BLACKLISTED,🛑 Bloqueada
JET BLACK / M,BLACKLISTED,🛑 Bloqueada
JET BLACK / One Size,BLACKLISTED,🛑 Bloqueada
JET BLACK / S,BLACKLISTED,🛑 Bloqueada
JET BLACK / XL,BLACKLISTED,🛑 Bloqueada
JET BLACK / XS,BLACKLISTED,🛑 Bloqueada
JET BLACK / XXL,BLACKLISTED,🛑 Bloqueada
Khaki / EU40 | UK6.5 | US7,BLACKLISTED,🛑 Bloqueada
Khaki / EU41 | UK7 | US8,BLACKLISTED,🛑 Bloqueada
Khaki / EU42 | UK8 | US8.5,BLACKLISTED,🛑 Bloqueada
Khaki / EU43 | UK9 | US9.5,BLACKLISTED,🛑 Bloqueada
Khaki / EU44 | UK9.5 | US10,BLACKLISTED,🛑 Bloqueada
Khaki / EU45 | UK10.5 | US11,BLACKLISTED,🛑 Bloqueada
Khaki / EU46 | UK11.5 | US12,BLACKLISTED,🛑 Bloqueada
Khaki / EU47,BLACKLISTED,🛑 Bloqueada
L / Aged Black,BLACKLISTED,🛑 Bloqueada
L / Ash Grey,BLACKLISTED,🛑 Bloqueada
L / Beige,BLACKLISTED,🛑 Bloqueada
L / Black,BLACKLISTED,🛑 Bloqueada
L / Black Matte,BLACKLISTED,🛑 Bloqueada
L / Blue Cream,BLACKLISTED,🛑 Bloqueada
L / Chalk,BLACKLISTED,🛑 Bloqueada
L / Cobalt,BLACKLISTED,🛑 Bloqueada
L / Cream,BLACKLISTED,🛑 Bloqueada
L / Dark Green,BLACKLISTED,🛑 Bloqueada
L / Dune,BLACKLISTED,🛑 Bloqueada
L / Earth,BLACKLISTED,🛑 Bloqueada
L / Ecru,BLACKLISTED,🛑 Bloqueada
L / Flat White,BLACKLISTED,🛑 Bloqueada
L / Fog,BLACKLISTED,🛑 Bloqueada
L / Grey,BLACKLISTED,🛑 Bloqueada
L / Ice Grey Marl,BLACKLISTED,🛑 Bloqueada
L / Indigo,BLACKLISTED,🛑 Bloqueada
L / Jet Black,BLACKLISTED,🛑 Bloqueada
L / Marble,BLACKLISTED,🛑 Bloqueada
L / Navy,BLACKLISTED,🛑 Bloqueada
L / Sand Dune,BLACKLISTED,🛑 Bloqueada
L / Shadow,BLACKLISTED,🛑 Bloqueada
L / Stained Black,BLACKLISTED,🛑 Bloqueada
L / Sun Fade Grey,BLACKLISTED,🛑 Bloqueada
L / TAUPE,BLACKLISTED,🛑 Bloqueada
L / Ultimate Grey,BLACKLISTED,🛑 Bloqueada
L / Ultra Blue,BLACKLISTED,🛑 Bloqueada
L / Umber,BLACKLISTED,🛑 Bloqueada
L / Vintage Black,BLACKLISTED,🛑 Bloqueada
L / Vintage Grey,BLACKLISTED,🛑 Bloqueada
L / Vintage Khaki,BLACKLISTED,🛑 Bloqueada
L / Washed Grey,BLACKLISTED,🛑 Bloqueada
L / Washed Olive,BLACKLISTED,🛑 Bloqueada
LIGHT WASH / 28,BLACKLISTED,🛑 Bloqueada
LIGHT WASH / 30,BLACKLISTED,🛑 Bloqueada
LIGHT WASH / 32,BLACKLISTED,🛑 Bloqueada
LIGHT WASH / 34,BLACKLISTED,🛑 Bloqueada
LIGHT WASH / 36,BLACKLISTED,🛑 Bloqueada
LIGHT WASH / 38,BLACKLISTED,🛑 Bloqueada
LIGHT WASH / L,BLACKLISTED,🛑 Bloqueada
LIGHT WASH / One Size,BLACKLISTED,🛑 Bloqueada
LIGHT WASH / S,BLACKLISTED,🛑 Bloqueada
LIGHT WASH / XL,BLACKLISTED,🛑 Bloqueada
LIGHT WASH / XS,BLACKLISTED,🛑 Bloqueada
LIGHT WASH / XXL,BLACKLISTED,🛑 Bloqueada
Laurel Oak Wash / 30,BLACKLISTED,🛑 Bloqueada
Laurel Oak Wash / 32,BLACKLISTED,🛑 Bloqueada
Laurel Oak Wash / 34,BLACKLISTED,🛑 Bloqueada
Laurel Oak Wash / 36,BLACKLISTED,🛑 Bloqueada
Laurel Oak Wash / 38,BLACKLISTED,🛑 Bloqueada
Leather Black / EU38 | UK5.5 | US6,BLACKLISTED,🛑 Bloqueada
Leather Black / EU39 |UK6 | US6.5,BLACKLISTED,🛑 Bloqueada
Leather Black / EU40 | UK6.5 | US7,BLACKLISTED,🛑 Bloqueada
Leather Black / EU41 | UK7 | US8,BLACKLISTED,🛑 Bloqueada
Leather Black / EU42 | UK8 | US8.5,BLACKLISTED,🛑 Bloqueada
Leather Black / EU43 | UK9 | US9.5,BLACKLISTED,🛑 Bloqueada
Leather Black / EU44 | UK9.5  |US10,BLACKLISTED,🛑 Bloqueada
Leather Black / EU45 | UK10.5 | US11,BLACKLISTED,🛑 Bloqueada
Leather Black / EU46 | UK11.5 | US12,BLACKLISTED,🛑 Bloqueada
Leather Black / EU47 | UK12.5 | US13,BLACKLISTED,🛑 Bloqueada
Light Blue / L,BLACKLISTED,🛑 Bloqueada
Light Blue / M,BLACKLISTED,🛑 Bloqueada
Light Blue / S,BLACKLISTED,🛑 Bloqueada
Light Blue / XL,BLACKLISTED,🛑 Bloqueada
Light Blue / XS,BLACKLISTED,🛑 Bloqueada
Light Blue / XXL,BLACKLISTED,🛑 Bloqueada
Light Blue Wash / 28,BLACKLISTED,🛑 Bloqueada
Light Blue Wash / 30,BLACKLISTED,🛑 Bloqueada
Light Blue Wash / 32,BLACKLISTED,🛑 Bloqueada
Light Blue Wash / 34,BLACKLISTED,🛑 Bloqueada
Light Blue Wash / 38,BLACKLISTED,🛑 Bloqueada
Light Grey / L,BLACKLISTED,🛑 Bloqueada
Light Grey / M,BLACKLISTED,🛑 Bloqueada
Light Grey / XL,BLACKLISTED,🛑 Bloqueada
Light Indigo / L,BLACKLISTED,🛑 Bloqueada
Light Indigo / M,BLACKLISTED,🛑 Bloqueada
Light Indigo / S,BLACKLISTED,🛑 Bloqueada
Light Indigo / XL,BLACKLISTED,🛑 Bloqueada
Light Indigo / XS,BLACKLISTED,🛑 Bloqueada
Light brown / ONE SIZE,BLACKLISTED,🛑 Bloqueada
Linen Beige / M,BLACKLISTED,🛑 Bloqueada
Linen Beige / XL,BLACKLISTED,🛑 Bloqueada
M / Aged Black,BLACKLISTED,🛑 Bloqueada
M / Beige,BLACKLISTED,🛑 Bloqueada
M / Black,BLACKLISTED,🛑 Bloqueada
M / Black Matte,BLACKLISTED,🛑 Bloqueada
M / Blue Cream,BLACKLISTED,🛑 Bloqueada
M / Camo,BLACKLISTED,🛑 Bloqueada
M / Chalk,BLACKLISTED,🛑 Bloqueada
M / Cobalt,BLACKLISTED,🛑 Bloqueada
M / Cream,BLACKLISTED,🛑 Bloqueada
M / Dark Green,BLACKLISTED,🛑 Bloqueada
M / Dune,BLACKLISTED,🛑 Bloqueada
M / Earth,BLACKLISTED,🛑 Bloqueada
M / Ecru,BLACKLISTED,🛑 Bloqueada
M / Electric Blue,BLACKLISTED,🛑 Bloqueada
M / Fawn,BLACKLISTED,🛑 Bloqueada
M / Flat White,BLACKLISTED,🛑 Bloqueada
M / Grey,BLACKLISTED,🛑 Bloqueada
M / Ice Grey Marl,BLACKLISTED,🛑 Bloqueada
M / Indigo,BLACKLISTED,🛑 Bloqueada
M / Jet Black,BLACKLISTED,🛑 Bloqueada
M / Khaki,BLACKLISTED,🛑 Bloqueada
M / Mushroom,BLACKLISTED,🛑 Bloqueada
M / Navy,BLACKLISTED,🛑 Bloqueada
M / Royal Blue,BLACKLISTED,🛑 Bloqueada
M / Sand Dune,BLACKLISTED,🛑 Bloqueada
M / Shadow,BLACKLISTED,🛑 Bloqueada
M / Stained Black,BLACKLISTED,🛑 Bloqueada
M / Sun Fade Grey,BLACKLISTED,🛑 Bloqueada
M / TAUPE,BLACKLISTED,🛑 Bloqueada
M / Ultimate Grey,BLACKLISTED,🛑 Bloqueada
M / Ultra Blue,BLACKLISTED,🛑 Bloqueada
M / Umber,BLACKLISTED,🛑 Bloqueada
M / VINTAGE BLACK,BLACKLISTED,🛑 Bloqueada
M / Vintage Black,BLACKLISTED,🛑 Bloqueada
M / Vintage Grey,BLACKLISTED,🛑 Bloqueada
M / Vintage Khaki,BLACKLISTED,🛑 Bloqueada
M / Washed Olive,BLACKLISTED,🛑 Bloqueada
M/30W / Blue,BLACKLISTED,🛑 Bloqueada
MEDITERRANEAN BLUE / L,BLACKLISTED,🛑 Bloqueada
MEDITERRANEAN BLUE / M,BLACKLISTED,🛑 Bloqueada
MEDITERRANEAN BLUE / S,BLACKLISTED,🛑 Bloqueada
MEDITERRANEAN BLUE / XL,BLACKLISTED,🛑 Bloqueada
MEDITERRANEAN BLUE / XS,BLACKLISTED,🛑 Bloqueada
MEDITERRANEAN BLUE / XXL,BLACKLISTED,🛑 Bloqueada
MID WASH / L,BLACKLISTED,🛑 Bloqueada
MID WASH / M,BLACKLISTED,🛑 Bloqueada
MID WASH / S,BLACKLISTED,🛑 Bloqueada
MID WASH / XL,BLACKLISTED,🛑 Bloqueada
MID WASH / XS,BLACKLISTED,🛑 Bloqueada
MID WASH / XXL,BLACKLISTED,🛑 Bloqueada
MULTI STRIPE / XS,BLACKLISTED,🛑 Bloqueada
Medium Indigo / L,BLACKLISTED,🛑 Bloqueada
Medium Indigo / M,BLACKLISTED,🛑 Bloqueada
Medium Indigo / S,BLACKLISTED,🛑 Bloqueada
Medium Indigo / XL,BLACKLISTED,🛑 Bloqueada
Medium Indigo / XS,BLACKLISTED,🛑 Bloqueada
Medium Indigo / XXL,BLACKLISTED,🛑 Bloqueada
NAVY / 10,BLACKLISTED,🛑 Bloqueada
NAVY / 10.5,BLACKLISTED,🛑 Bloqueada
NAVY / 11,BLACKLISTED,🛑 Bloqueada
NAVY / 11.5,BLACKLISTED,🛑 Bloqueada
NAVY / 12,BLACKLISTED,🛑 Bloqueada
NAVY / 13,BLACKLISTED,🛑 Bloqueada
NAVY / 4,BLACKLISTED,🛑 Bloqueada
NAVY / 5,BLACKLISTED,🛑 Bloqueada
NAVY / 6,BLACKLISTED,🛑 Bloqueada
NAVY / 6.5,BLACKLISTED,🛑 Bloqueada
NAVY / 7,BLACKLISTED,🛑 Bloqueada
NAVY / 7.5,BLACKLISTED,🛑 Bloqueada
NAVY / 8,BLACKLISTED,🛑 Bloqueada
NAVY / 8.5,BLACKLISTED,🛑 Bloqueada
NAVY / 9,BLACKLISTED,🛑 Bloqueada
NAVY / 9.5,BLACKLISTED,🛑 Bloqueada
NAVY / One Size,BLACKLISTED,🛑 Bloqueada
NAVY BLAZER / L,BLACKLISTED,🛑 Bloqueada
NAVY BLAZER / M,BLACKLISTED,🛑 Bloqueada
NAVY BLAZER / S,BLACKLISTED,🛑 Bloqueada
NAVY BLAZER / XL,BLACKLISTED,🛑 Bloqueada
NAVY BLAZER / XS,BLACKLISTED,🛑 Bloqueada
NAVY BLAZER / XXL,BLACKLISTED,🛑 Bloqueada
NAVY PLAID / L,BLACKLISTED,🛑 Bloqueada
NAVY PLAID / M,BLACKLISTED,🛑 Bloqueada
NAVY PLAID / S,BLACKLISTED,🛑 Bloqueada
NAVY PLAID / XL,BLACKLISTED,🛑 Bloqueada
NAVY PLAID / XXL,BLACKLISTED,🛑 Bloqueada
NEON / GREY / 10,BLACKLISTED,🛑 Bloqueada
NEON / GREY / 10.5,BLACKLISTED,🛑 Bloqueada
NEON / GREY / 11,BLACKLISTED,🛑 Bloqueada
NEON / GREY / 11.5,BLACKLISTED,🛑 Bloqueada
NEON / GREY / 12,BLACKLISTED,🛑 Bloqueada
NEON / GREY / 13,BLACKLISTED,🛑 Bloqueada
NEON / GREY / 4,BLACKLISTED,🛑 Bloqueada
NEON / GREY / 5,BLACKLISTED,🛑 Bloqueada
NEON / GREY / 6,BLACKLISTED,🛑 Bloqueada
NEON / GREY / 6.5,BLACKLISTED,🛑 Bloqueada
NEON / GREY / 7,BLACKLISTED,🛑 Bloqueada
NEON / GREY / 7.5,BLACKLISTED,🛑 Bloqueada
NEON / GREY / 8,BLACKLISTED,🛑 Bloqueada
NEON / GREY / 8.5,BLACKLISTED,🛑 Bloqueada
NEON / GREY / 9,BLACKLISTED,🛑 Bloqueada
NEON / GREY / 9.5,BLACKLISTED,🛑 Bloqueada
Navy Multi / L,BLACKLISTED,🛑 Bloqueada
Navy Multi / M,BLACKLISTED,🛑 Bloqueada
Navy Multi / S,BLACKLISTED,🛑 Bloqueada
Navy Multi / XL,BLACKLISTED,🛑 Bloqueada
Navy Multi / XS,BLACKLISTED,🛑 Bloqueada
Navy Multi / XXL,BLACKLISTED,🛑 Bloqueada
Neutral,BLACKLISTED,🛑 Bloqueada
OXFORD BLUE / L,BLACKLISTED,🛑 Bloqueada
OXFORD BLUE / M,BLACKLISTED,🛑 Bloqueada
OXFORD BLUE / XL,BLACKLISTED,🛑 Bloqueada
OXFORD BLUE / XXL,BLACKLISTED,🛑 Bloqueada
Olive Wash / L,BLACKLISTED,🛑 Bloqueada
Olive Wash / M,BLACKLISTED,🛑 Bloqueada
Olive Wash / S,BLACKLISTED,🛑 Bloqueada
Olive Wash / XL,BLACKLISTED,🛑 Bloqueada
Olive Wash / XS,BLACKLISTED,🛑 Bloqueada
Olive Wash / XXL,BLACKLISTED,🛑 Bloqueada
One Size / Black,BLACKLISTED,🛑 Bloqueada
One Size / Black Reflective,BLACKLISTED,🛑 Bloqueada
One Size / Brown,BLACKLISTED,🛑 Bloqueada
One Size / Flat White Black,BLACKLISTED,🛑 Bloqueada
One Size / Jet Black,BLACKLISTED,🛑 Bloqueada
One Size / Puma Black,BLACKLISTED,🛑 Bloqueada
Petunia Stripe / L,BLACKLISTED,🛑 Bloqueada
Petunia Stripe / M,BLACKLISTED,🛑 Bloqueada
Petunia Stripe / S,BLACKLISTED,🛑 Bloqueada
Petunia Stripe / XL,BLACKLISTED,🛑 Bloqueada
Petunia Stripe / XXL,BLACKLISTED,🛑 Bloqueada
Plaza Taupe / L/XL,BLACKLISTED,🛑 Bloqueada
Plaza Taupe / S/M,BLACKLISTED,🛑 Bloqueada
Pristine / Krylon Cherry Red / One Size,BLACKLISTED,🛑 Bloqueada
RINSE WASH / 28,BLACKLISTED,🛑 Bloqueada
RINSE WASH / 30,BLACKLISTED,🛑 Bloqueada
RINSE WASH / 32,BLACKLISTED,🛑 Bloqueada
RINSE WASH / 34,BLACKLISTED,🛑 Bloqueada
RINSE WASH / 36,BLACKLISTED,🛑 Bloqueada
RINSE WASH / 38,BLACKLISTED,🛑 Bloqueada
ROYAL BLUE / One Size,BLACKLISTED,🛑 Bloqueada
Rosewood Dust / EU38 | UK5.5 | US6,BLACKLISTED,🛑 Bloqueada
Rosewood Dust / EU39 |  UK6 | US6.5,BLACKLISTED,🛑 Bloqueada
Rosewood Dust / EU40 | UK6.5 | US7,BLACKLISTED,🛑 Bloqueada
Rosewood Dust / EU41 |  UK7 | US8,BLACKLISTED,🛑 Bloqueada
Rosewood Dust / EU42 | UK8 | US8.5,BLACKLISTED,🛑 Bloqueada
Rosewood Dust / EU43 | UK9 | US9.5,BLACKLISTED,🛑 Bloqueada
Rosewood Dust / EU44 | UK9.5 | US10,BLACKLISTED,🛑 Bloqueada
Rosewood Dust / EU45 | UK10.5 | US11,BLACKLISTED,🛑 Bloqueada
Rosewood Dust / EU46 | UK11.5 | US12,BLACKLISTED,🛑 Bloqueada
S / Aged Black,BLACKLISTED,🛑 Bloqueada
S / Black,BLACKLISTED,🛑 Bloqueada
S / Black Matte,BLACKLISTED,🛑 Bloqueada
S / Blue Cream,BLACKLISTED,🛑 Bloqueada
S / Chalk,BLACKLISTED,🛑 Bloqueada
S / Cinder,BLACKLISTED,🛑 Bloqueada
S / Cobalt,BLACKLISTED,🛑 Bloqueada
S / Cream,BLACKLISTED,🛑 Bloqueada
S / Dark Grey,BLACKLISTED,🛑 Bloqueada
S / Dune,BLACKLISTED,🛑 Bloqueada
S / Earth,BLACKLISTED,🛑 Bloqueada
S / Ecru,BLACKLISTED,🛑 Bloqueada
S / Electric Blue,BLACKLISTED,🛑 Bloqueada
S / Fawn,BLACKLISTED,🛑 Bloqueada
S / Flat White,BLACKLISTED,🛑 Bloqueada
S / Grey,BLACKLISTED,🛑 Bloqueada
S / Ice Grey Marl,BLACKLISTED,🛑 Bloqueada
S / Indigo,BLACKLISTED,🛑 Bloqueada
S / Jet Black,BLACKLISTED,🛑 Bloqueada
S / Latte,BLACKLISTED,🛑 Bloqueada
S / Light Grey,BLACKLISTED,🛑 Bloqueada
S / Matcha,BLACKLISTED,🛑 Bloqueada
S / Mid Blue,BLACKLISTED,🛑 Bloqueada
S / Midnight Navy,BLACKLISTED,🛑 Bloqueada
S / Navy,BLACKLISTED,🛑 Bloqueada
S / Oat,BLACKLISTED,🛑 Bloqueada
S / Royal Blue,BLACKLISTED,🛑 Bloqueada
S / Shadow,BLACKLISTED,🛑 Bloqueada
S / Stained Black,BLACKLISTED,🛑 Bloqueada
S / Stone,BLACKLISTED,🛑 Bloqueada
S / Sun Fade Grey,BLACKLISTED,🛑 Bloqueada
S / TAUPE,BLACKLISTED,🛑 Bloqueada
S / Taupe,BLACKLISTED,🛑 Bloqueada
S / Umber,BLACKLISTED,🛑 Bloqueada
S / Vintage Black,BLACKLISTED,🛑 Bloqueada
S / Vintage Grey,BLACKLISTED,🛑 Bloqueada
S / Vintage Khaki,BLACKLISTED,🛑 Bloqueada
S / Washed Grey,BLACKLISTED,🛑 Bloqueada
S / Washed Olive,BLACKLISTED,🛑 Bloqueada
SHADOW / One Size,BLACKLISTED,🛑 Bloqueada
Sea Blue / EU38 | UK5.5 | US6,BLACKLISTED,🛑 Bloqueada
Sea Blue / EU39 | UK6 | US6.5,BLACKLISTED,🛑 Bloqueada
Sea Blue / EU40 | UK6.5 | US7,BLACKLISTED,🛑 Bloqueada
Sea Blue / EU41 | UK7 | US8,BLACKLISTED,🛑 Bloqueada
Sea Blue / EU42 | UK8 | US8.5,BLACKLISTED,🛑 Bloqueada
Sea Blue / EU43 | UK9 | US9.5,BLACKLISTED,🛑 Bloqueada
Sea Blue / EU44 | UK9.5 | US10,BLACKLISTED,🛑 Bloqueada
Sea Blue / EU45 | UK10.5 | US11,BLACKLISTED,🛑 Bloqueada
Sea Blue / EU46 | UK11.5 | US12,BLACKLISTED,🛑 Bloqueada
UK10 / EU44 / US11 / Black,BLACKLISTED,🛑 Bloqueada
UK10 / EU44 / US11 / Black Vintage White,BLACKLISTED,🛑 Bloqueada
UK10 / EU44 / US11 / Cream,BLACKLISTED,🛑 Bloqueada
UK10 / EU44 / US11 / Flat White,BLACKLISTED,🛑 Bloqueada
UK10 / EU44 / US11 / Flat White Silver,BLACKLISTED,🛑 Bloqueada
UK10 / EU44 / US11 / Vintage White,BLACKLISTED,🛑 Bloqueada
UK10 / EU44 / US11 / White Grey,BLACKLISTED,🛑 Bloqueada
UK10.5 / EU44.5 / US11.5 / Black,BLACKLISTED,🛑 Bloqueada
UK10.5 / EU44.5 / US11.5 / Black Vintage White,BLACKLISTED,🛑 Bloqueada
UK10.5 / EU44.5 / US11.5 / Flat White,BLACKLISTED,🛑 Bloqueada
UK10.5 / EU44.5 / US11.5 / White Grey,BLACKLISTED,🛑 Bloqueada
UK11 / EU45 / US12 / Black,BLACKLISTED,🛑 Bloqueada
UK11 / EU45 / US12 / Black Gum,BLACKLISTED,🛑 Bloqueada
UK11 / EU45 / US12 / Black Vintage White,BLACKLISTED,🛑 Bloqueada
UK11 / EU45 / US12 / Cream,BLACKLISTED,🛑 Bloqueada
UK11 / EU45 / US12 / Flat White,BLACKLISTED,🛑 Bloqueada
UK11 / EU45 / US12 / Triple Black,BLACKLISTED,🛑 Bloqueada
UK11 / EU45 / US12 / Vintage White,BLACKLISTED,🛑 Bloqueada
UK11 / EU45 / US12 / White Grey,BLACKLISTED,🛑 Bloqueada
UK11.5 / EU45.5 / US12.5 / Black,BLACKLISTED,🛑 Bloqueada
UK11.5 / EU45.5 / US12.5 / Black Vintage White,BLACKLISTED,🛑 Bloqueada
UK11.5 / EU45.5 / US12.5 / Flat White,BLACKLISTED,🛑 Bloqueada
UK11.5 / EU45.5 / US12.5 / Vintage White,BLACKLISTED,🛑 Bloqueada
UK11.5 / EU45.5 / US12.5 / White Grey,BLACKLISTED,🛑 Bloqueada
UK12 / EU46 / US13 / Black,BLACKLISTED,🛑 Bloqueada
UK12 / EU46 / US13 / Black Vintage White,BLACKLISTED,🛑 Bloqueada
UK12 / EU46 / US13 / Flat White,BLACKLISTED,🛑 Bloqueada
UK12 / EU46 / US13 / Flat White Silver,BLACKLISTED,🛑 Bloqueada
UK12 / EU46 / US13 / Triple Black,BLACKLISTED,🛑 Bloqueada
UK12 / EU46 / US13 / Vintage White,BLACKLISTED,🛑 Bloqueada
UK12 / EU46 / US13 / White Grey,BLACKLISTED,🛑 Bloqueada
UK12.5 / EU46.5 / US13.5 / Black,BLACKLISTED,🛑 Bloqueada
UK12.5 / EU46.5 / US13.5 / Black Vintage White,BLACKLISTED,🛑 Bloqueada
UK12.5 / EU46.5 / US13.5 / Flat White,BLACKLISTED,🛑 Bloqueada
UK12.5 / EU46.5 / US13.5 / Vintage White,BLACKLISTED,🛑 Bloqueada
UK12.5 / EU46.5 / US13.5 / White Grey,BLACKLISTED,🛑 Bloqueada
UK13 / EU47 / US14 / Black,BLACKLISTED,🛑 Bloqueada
UK13 / EU47 / US14 / Black Vintage White,BLACKLISTED,🛑 Bloqueada
UK13 / EU47 / US14 / Flat White,BLACKLISTED,🛑 Bloqueada
UK13 / EU47 / US14 / Vintage White,BLACKLISTED,🛑 Bloqueada
UK13 / EU47 / US14 / White Grey,BLACKLISTED,🛑 Bloqueada
UK6 / EU40 / US7 / BLACK VINTAGE WHITE,BLACKLISTED,🛑 Bloqueada
UK6 / EU40 / US7 / Black,BLACKLISTED,🛑 Bloqueada
UK6 / EU40 / US7 / Black Vintage White,BLACKLISTED,🛑 Bloqueada
UK6 / EU40 / US7 / Flat White,BLACKLISTED,🛑 Bloqueada
UK6 / EU40 / US7 / Latte,BLACKLISTED,🛑 Bloqueada
UK6 / EU40 / US7 / Rock,BLACKLISTED,🛑 Bloqueada
UK6 / EU40 / US7 / Vintage White,BLACKLISTED,🛑 Bloqueada
UK6 / EU40 / US7 / White Grey,BLACKLISTED,🛑 Bloqueada
UK6.5 / EU40.5 / US7.5 / Black,BLACKLISTED,🛑 Bloqueada
UK6.5 / EU40.5 / US7.5 / Black Vintage White,BLACKLISTED,🛑 Bloqueada
UK6.5 / EU40.5 / US7.5 / Flat White,BLACKLISTED,🛑 Bloqueada
UK6.5 / EU40.5 / US7.5 / White Grey,BLACKLISTED,🛑 Bloqueada
UK7 / EU41 / US8 / Black,BLACKLISTED,🛑 Bloqueada
UK7 / EU41 / US8 / Black Vintage White,BLACKLISTED,🛑 Bloqueada
UK7 / EU41 / US8 / Cream,BLACKLISTED,🛑 Bloqueada
UK7 / EU41 / US8 / Flat White,BLACKLISTED,🛑 Bloqueada
UK7 / EU41 / US8 / Flat White Silver,BLACKLISTED,🛑 Bloqueada
UK7 / EU41 / US8 / Latte,BLACKLISTED,🛑 Bloqueada
UK7 / EU41 / US8 / Triple Black,BLACKLISTED,🛑 Bloqueada
UK7 / EU41 / US8 / Vintage White,BLACKLISTED,🛑 Bloqueada
UK7 / EU41 / US8 / White Grey,BLACKLISTED,🛑 Bloqueada
UK7.5 / EU41.5 / US8.5 / Black,BLACKLISTED,🛑 Bloqueada
UK7.5 / EU41.5 / US8.5 / Black Vintage White,BLACKLISTED,🛑 Bloqueada
UK7.5 / EU41.5 / US8.5 / Flat White,BLACKLISTED,🛑 Bloqueada
UK7.5 / EU41.5 / US8.5 / Latte,BLACKLISTED,🛑 Bloqueada
UK7.5 / EU41.5 / US8.5 / White Grey,BLACKLISTED,🛑 Bloqueada
UK8 / EU42 / US9 / Black,BLACKLISTED,🛑 Bloqueada
UK8 / EU42 / US9 / Black Vintage White,BLACKLISTED,🛑 Bloqueada
UK8 / EU42 / US9 / Cream,BLACKLISTED,🛑 Bloqueada
UK8 / EU42 / US9 / Flat White,BLACKLISTED,🛑 Bloqueada
UK8 / EU42 / US9 / Flat White Silver,BLACKLISTED,🛑 Bloqueada
UK8 / EU42 / US9 / Vintage White,BLACKLISTED,🛑 Bloqueada
UK8 / EU42 / US9 / White Grey,BLACKLISTED,🛑 Bloqueada
UK8.5 / EU42.5 / US9.5 / Black,BLACKLISTED,🛑 Bloqueada
UK8.5 / EU42.5 / US9.5 / Black Vintage White,BLACKLISTED,🛑 Bloqueada
UK8.5 / EU42.5 / US9.5 / Flat White,BLACKLISTED,🛑 Bloqueada
UK8.5 / EU42.5 / US9.5 / White Grey,BLACKLISTED,🛑 Bloqueada
UK9 / EU43 / US10 / Black,BLACKLISTED,🛑 Bloqueada
UK9 / EU43 / US10 / Black Vintage White,BLACKLISTED,🛑 Bloqueada
UK9 / EU43 / US10 / Cream,BLACKLISTED,🛑 Bloqueada
UK9 / EU43 / US10 / Flat White,BLACKLISTED,🛑 Bloqueada
UK9 / EU43 / US10 / Flat White Silver,BLACKLISTED,🛑 Bloqueada
UK9 / EU43 / US10 / Vintage White,BLACKLISTED,🛑 Bloqueada
UK9 / EU43 / US10 / White Grey,BLACKLISTED,🛑 Bloqueada
UK9.5 / EU43.5 / US10.5 / Black,BLACKLISTED,🛑 Bloqueada
UK9.5 / EU43.5 / US10.5 / Black Vintage White,BLACKLISTED,🛑 Bloqueada
UK9.5 / EU43.5 / US10.5 / Flat White,BLACKLISTED,🛑 Bloqueada
UK9.5 / EU43.5 / US10.5 / White Grey,BLACKLISTED,🛑 Bloqueada
White / One Size,BLACKLISTED,🛑 Bloqueada
XL / Aged Black,BLACKLISTED,🛑 Bloqueada
XL / Ash Grey,BLACKLISTED,🛑 Bloqueada
XL / Beige,BLACKLISTED,🛑 Bloqueada
XL / Black,BLACKLISTED,🛑 Bloqueada
XL / Black Matte,BLACKLISTED,🛑 Bloqueada
XL / Blue Cream,BLACKLISTED,🛑 Bloqueada
XL / Chalk,BLACKLISTED,🛑 Bloqueada
XL / Cinder,BLACKLISTED,🛑 Bloqueada
XL / Cobalt,BLACKLISTED,🛑 Bloqueada
XL / Cream,BLACKLISTED,🛑 Bloqueada
XL / Dune,BLACKLISTED,🛑 Bloqueada
XL / Earth,BLACKLISTED,🛑 Bloqueada
XL / Ecru,BLACKLISTED,🛑 Bloqueada
XL / Fawn,BLACKLISTED,🛑 Bloqueada
XL / Flat White,BLACKLISTED,🛑 Bloqueada
XL / Grey,BLACKLISTED,🛑 Bloqueada
XL / Ice Grey Marl,BLACKLISTED,🛑 Bloqueada
XL / Indigo,BLACKLISTED,🛑 Bloqueada
XL / Jet Black,BLACKLISTED,🛑 Bloqueada
XL / Latte,BLACKLISTED,🛑 Bloqueada
XL / Light Grey,BLACKLISTED,🛑 Bloqueada
XL / Marble,BLACKLISTED,🛑 Bloqueada
XL / Midnight Navy,BLACKLISTED,🛑 Bloqueada
XL / Navy,BLACKLISTED,🛑 Bloqueada
XL / Sand Dune,BLACKLISTED,🛑 Bloqueada
XL / Shadow,BLACKLISTED,🛑 Bloqueada
XL / Stained Black,BLACKLISTED,🛑 Bloqueada
XL / Sun Fade Grey,BLACKLISTED,🛑 Bloqueada
XL / TAUPE,BLACKLISTED,🛑 Bloqueada
XL / Umber,BLACKLISTED,🛑 Bloqueada
XL / VINTAGE BLACK,BLACKLISTED,🛑 Bloqueada
XL / Vintage Black,BLACKLISTED,🛑 Bloqueada
XL / Vintage Grey,BLACKLISTED,🛑 Bloqueada
XL / Vintage Khaki,BLACKLISTED,🛑 Bloqueada
XL / Washed Grey,BLACKLISTED,🛑 Bloqueada
XS / Aged Black,BLACKLISTED,🛑 Bloqueada
XS / Antique White,BLACKLISTED,🛑 Bloqueada
XS / Black,BLACKLISTED,🛑 Bloqueada
XS / Black Matte,BLACKLISTED,🛑 Bloqueada
XS / Blue Cream,BLACKLISTED,🛑 Bloqueada
XS / Buttercream Powder Blue,BLACKLISTED,🛑 Bloqueada
XS / Camo,BLACKLISTED,🛑 Bloqueada
XS / Chalk,BLACKLISTED,🛑 Bloqueada
XS / Cobalt,BLACKLISTED,🛑 Bloqueada
XS / Cream,BLACKLISTED,🛑 Bloqueada
XS / Dark Green,BLACKLISTED,🛑 Bloqueada
XS / Dune,BLACKLISTED,🛑 Bloqueada
XS / Earth,BLACKLISTED,🛑 Bloqueada
XS / Ecru,BLACKLISTED,🛑 Bloqueada
XS / Fawn,BLACKLISTED,🛑 Bloqueada
XS / Flat White,BLACKLISTED,🛑 Bloqueada
XS / Fog,BLACKLISTED,🛑 Bloqueada
XS / Grey,BLACKLISTED,🛑 Bloqueada
XS / Ice Grey Marl,BLACKLISTED,🛑 Bloqueada
XS / Indigo,BLACKLISTED,🛑 Bloqueada
XS / Jet Black,BLACKLISTED,🛑 Bloqueada
XS / Khaki Pink,BLACKLISTED,🛑 Bloqueada
XS / Latte,BLACKLISTED,🛑 Bloqueada
XS / Matcha,BLACKLISTED,🛑 Bloqueada
XS / Midnight Navy,BLACKLISTED,🛑 Bloqueada
XS / Navy,BLACKLISTED,🛑 Bloqueada
XS / Oat,BLACKLISTED,🛑 Bloqueada
XS / Sand Dune,BLACKLISTED,🛑 Bloqueada
XS / Shadow,BLACKLISTED,🛑 Bloqueada
XS / Stained Black,BLACKLISTED,🛑 Bloqueada
XS / Sun Fade Grey,BLACKLISTED,🛑 Bloqueada
XS / TAUPE,BLACKLISTED,🛑 Bloqueada
XS / Taupe,BLACKLISTED,🛑 Bloqueada
XS / Ultimate Grey,BLACKLISTED,🛑 Bloqueada
XS / Umber,BLACKLISTED,🛑 Bloqueada
XS / Vintage Black,BLACKLISTED,🛑 Bloqueada
XS / Vintage Grey,BLACKLISTED,🛑 Bloqueada
XS / Vintage Khaki,BLACKLISTED,🛑 Bloqueada
XS / Washed Grey,BLACKLISTED,🛑 Bloqueada
XS / Washed Olive,BLACKLISTED,🛑 Bloqueada
XXL / Aged Black,BLACKLISTED,🛑 Bloqueada
XXL / Antique White,BLACKLISTED,🛑 Bloqueada
XXL / Ash Grey,BLACKLISTED,🛑 Bloqueada
XXL / Beige,BLACKLISTED,🛑 Bloqueada
XXL / Black,BLACKLISTED,🛑 Bloqueada
XXL / Black Matte,BLACKLISTED,🛑 Bloqueada
XXL / Blue Cream,BLACKLISTED,🛑 Bloqueada
XXL / Chalk,BLACKLISTED,🛑 Bloqueada
XXL / Cobalt,BLACKLISTED,🛑 Bloqueada
XXL / Cream,BLACKLISTED,🛑 Bloqueada
XXL / Dark Green,BLACKLISTED,🛑 Bloqueada
XXL / Dune,BLACKLISTED,🛑 Bloqueada
XXL / Earth,BLACKLISTED,🛑 Bloqueada
XXL / Ecru,BLACKLISTED,🛑 Bloqueada
XXL / Flat White,BLACKLISTED,🛑 Bloqueada
XXL / Grey,BLACKLISTED,🛑 Bloqueada
XXL / Ice Grey Marl,BLACKLISTED,🛑 Bloqueada
XXL / Indigo,BLACKLISTED,🛑 Bloqueada
XXL / Jet Black,BLACKLISTED,🛑 Bloqueada
XXL / Latte,BLACKLISTED,🛑 Bloqueada
XXL / Light Grey,BLACKLISTED,🛑 Bloqueada
XXL / Matcha,BLACKLISTED,🛑 Bloqueada
XXL / Navy,BLACKLISTED,🛑 Bloqueada
XXL / Royal Blue,BLACKLISTED,🛑 Bloqueada
XXL / Stained Black,BLACKLISTED,🛑 Bloqueada
XXL / Stone,BLACKLISTED,🛑 Bloqueada
XXL / Sun Fade Grey,BLACKLISTED,🛑 Bloqueada
XXL / TAUPE,BLACKLISTED,🛑 Bloqueada
XXL / VINTAGE BLACK,BLACKLISTED,🛑 Bloqueada
XXL / Vintage Black,BLACKLISTED,🛑 Bloqueada
XXL / Vintage Grey,BLACKLISTED,🛑 Bloqueada
XXL / Vintage Khaki,BLACKLISTED,🛑 Bloqueada
XXL / Washed Grey,BLACKLISTED,🛑 Bloqueada
XXL / Washed Olive,BLACKLISTED,🛑 Bloqueada
XXS / Antique White,BLACKLISTED,🛑 Bloqueada
XXS / Ash Grey,BLACKLISTED,🛑 Bloqueada
XXS / Black,BLACKLISTED,🛑 Bloqueada
XXS / Black Matte,BLACKLISTED,🛑 Bloqueada
XXS / Flat White,BLACKLISTED,🛑 Bloqueada
XXS / Ice Grey Marl,BLACKLISTED,🛑 Bloqueada
XXS / Matcha,BLACKLISTED,🛑 Bloqueada
XXS / Stained Black,BLACKLISTED,🛑 Bloqueada
XXS / Sun Fade Grey,BLACKLISTED,🛑 Bloqueada
XXS / Vintage Khaki,BLACKLISTED,🛑 Bloqueada
Yellow Stripe / 120cm,BLACKLISTED,🛑 Bloqueada
€100,BASURA_PRECIO,🛑 Bloqueada
€100.00,BASURA_PRECIO,🛑 Bloqueada
€150.00,BASURA_PRECIO,🛑 Bloqueada
€200,BASURA_PRECIO,🛑 Bloqueada
€200.00,BASURA_PRECIO,🛑 Bloqueada
€25.00,BASURA_PRECIO,🛑 Bloqueada
€250,BASURA_PRECIO,🛑 Bloqueada
€250.00,BASURA_PRECIO,🛑 Bloqueada
€300,BASURA_PRECIO,🛑 Bloqueada
€50,BASURA_PRECIO,🛑 Bloqueada
€50.00,BASURA_PRECIO,🛑 Bloqueada
€75.00,BASURA_PRECIO,🛑 Bloqueada
0,0,✅ OK
0/1,1Y,✅ OK
1,1Y,✅ OK
1-2,1-2Y,✅ OK
1.5,1.5Y,✅ OK
1.5Y,1.5Y,✅ OK
10,10Y,✅ OK
10.5,10.5Y,✅ OK
10C,10C,✅ OK
11,11Y,✅ OK
11.5,11.5Y,✅ OK
11.5C,11.5C,✅ OK
11C,11C,✅ OK
12,12Y,✅ OK
12.5,12.5Y,✅ OK
12.5C,12.5C,✅ OK
12C,12C,✅ OK
12CM,12CM,✅ OK
13,13Y,✅ OK
13.5,13.5Y,✅ OK
13.5C,13.5C,✅ OK
13C,13C,✅ OK
14,14Y,✅ OK
14.5,14.5Y,✅ OK
16,16,✅ OK
16oz,16OZ,✅ OK
17,17,✅ OK
18,18,✅ OK
1C,1C,✅ OK
1Y,1Y,✅ OK
2,2Y,✅ OK
2.5,2.5Y,✅ OK
2.5Y,2.5Y,✅ OK
2/3,3Y,✅ OK
20,20,✅ OK
21,21,✅ OK
22,22,✅ OK
23,23,✅ OK
24,24,✅ OK
25,25,✅ OK
26,26,✅ OK
27,27,✅ OK
28,28,✅ OK
29,29,✅ OK
2C,2C,✅ OK
2Y,2Y,✅ OK
3,3Y,✅ OK
3.5,3.5Y,✅ OK
3.5Y,3.5Y,✅ OK
30,30,✅ OK
31,31,✅ OK
32,32,✅ OK
33,33,✅ OK
34,34,✅ OK
36,36,✅ OK
37,37,✅ OK
38,38,✅ OK
39,39,✅ OK
3C,3C,✅ OK
3Y,3Y,✅ OK
4,4Y,✅ OK
4.5,4.5Y,✅ OK
4.5Y,4.5Y,✅ OK
4/5,5Y,✅ OK
40,40,✅ OK
40.5,40.5,✅ OK
41,41,✅ OK
41.5,41.5,✅ OK
42,42,✅ OK
42.5,42.5,✅ OK
43,43,✅ OK
43.5,43.5,✅ OK
44,44,✅ OK
44.5,44.5,✅ OK
45,45,✅ OK
46,46,✅ OK
48,48,✅ OK
4C,4C,✅ OK
4Y,4Y,✅ OK
5,5Y,✅ OK
5.5,5.5Y,✅ OK
5.5Y,5.5Y,✅ OK
50,50,✅ OK
52,52,✅ OK
5C,5C,✅ OK
5Y,5Y,✅ OK
6,6Y,✅ OK
6 7/8,8Y,✅ OK
6.5,6.5Y,✅ OK
6.5Y,6.5Y,✅ OK
6C,6C,✅ OK
6Y,6Y,✅ OK
7,7Y,✅ OK
7 1/2,2Y,✅ OK
7 1/4,4Y,✅ OK
7 3/4,4Y,✅ OK
7 3/8,8Y,✅ OK
7 5/8,8Y,✅ OK
7 7/8,8Y,✅ OK
7.5,7.5Y,✅ OK
7C,7C,✅ OK
7Y,7Y,✅ OK
8,8Y,✅ OK
8.5,8.5Y,✅ OK
8C,8C,✅ OK
9,9Y,✅ OK
9.5,9.5Y,✅ OK
9C,9C,✅ OK
Black/White / 120cm,120CM,✅ OK
Bordeaux / One Size,OS,✅ OK
Brass / One Size,OS,✅ OK
CAPULET OLIVE / L,L,✅ OK
CAPULET OLIVE / M,M,✅ OK
CAPULET OLIVE / One Size,OS,✅ OK
CAPULET OLIVE / S,S,✅ OK
CAPULET OLIVE / XL,XL,✅ OK
CAPULET OLIVE / XS,XS,✅ OK
CAPULET OLIVE / XXL,XXL,✅ OK
CHOCOLATE TRUFFLE / L,L,✅ OK
CHOCOLATE TRUFFLE / M,M,✅ OK
CHOCOLATE TRUFFLE / One Size,OS,✅ OK
CHOCOLATE TRUFFLE / S,S,✅ OK
CHOCOLATE TRUFFLE / XL,XL,✅ OK
CHOCOLATE TRUFFLE / XS,XS,✅ OK
CHOCOLATE TRUFFLE / XXL,XXL,✅ OK
Coconut Milk / L,L,✅ OK
Coconut Milk / M,M,✅ OK
Coconut Milk / S,S,✅ OK
Coconut Milk / XL,XL,✅ OK
Coconut Milk / XS,XS,✅ OK
Coconut Milk / XXL,XXL,✅ OK
Coffee / EU42 | UK8 | US8.5,EU 42,✅ OK
Coffee / L,L,✅ OK
Coffee / M,M,✅ OK
Coffee Bean / L,L,✅ OK
Coffee Bean / M,M,✅ OK
Coffee Bean / S,S,✅ OK
Coffee Bean / XL,XL,✅ OK
Coffee Bean / XS,XS,✅ OK
Coffee Bean / XXL,XXL,✅ OK
DOVE / One Size,OS,✅ OK
Deep Sea / L/XL,XL,✅ OK
Deep Sea / S/M,M,✅ OK
Dusty Grace / EU38 | UK5.5 | US6,EU 38,✅ OK
Dusty Grace / EU39 | UK6 | US6.5,EU 39,✅ OK
Dusty Grace / EU40 | UK6.5 | US7,EU 40,✅ OK
Dusty Grace / EU41 | UK7 | US8,EU 41,✅ OK
Dusty Grace / EU42 | UK8 | US8.5,EU 42,✅ OK
Dusty Grace / EU43 | UK9 | US9.5,EU 43,✅ OK
Dusty Grace / EU44 | UK9.5 | US10,EU 44,✅ OK
Dusty Grace / EU45 | UK10.5 | US11,EU 45,✅ OK
Dusty Grace / EU46 | UK11.5 | US12,EU 46,✅ OK
EU35.5,EU 35.5,✅ OK
EU36.0,EU 36,✅ OK
EU36.5,EU 36.5,✅ OK
EU36.6,EU 36.6,✅ OK
EU36.7,EU 36.7,✅ OK
EU37.0,EU 37,✅ OK
EU37.3,EU 37.3,✅ OK
EU37.5,EU 37.5,✅ OK
EU38.0,EU 38,✅ OK
EU38.5,EU 38.5,✅ OK
EU38.7,EU 38.7,✅ OK
EU39.0,EU 39,✅ OK
EU39.3,EU 39.3,✅ OK
EU39.5,EU 39.5,✅ OK
EU40.0,EU 40,✅ OK
EU40.5,EU 40.5,✅ OK
EU40.7,EU 40.7,✅ OK
EU41.0,EU 41,✅ OK
EU41.3,EU 41.3,✅ OK
EU41.5,EU 41.5,✅ OK
EU42.0,EU 42,✅ OK
EU42.5,EU 42.5,✅ OK
EU42.7,EU 42.7,✅ OK
EU43.0,EU 43,✅ OK
EU43.3,EU 43.3,✅ OK
EU43.5,EU 43.5,✅ OK
EU44.0,EU 44,✅ OK
EU44.5,EU 44.5,✅ OK
EU44.7,EU 44.7,✅ OK
EU45.0,EU 45,✅ OK
EU45.3,EU 45.3,✅ OK
EU45.5,EU 45.5,✅ OK
EU46.0,EU 46,✅ OK
EU46.5,EU 46.5,✅ OK
EU46.7,EU 46.7,✅ OK
EU47.3,EU 47.3,✅ OK
EU47.5,EU 47.5,✅ OK
EU48.0,EU 48,✅ OK
EU48.5,EU 48.5,✅ OK
EU49.5,EU 49.5,✅ OK
EVERGREEN / One Size,OS,✅ OK
Extra Extra Large,XXL,✅ OK
Extra Large,XL,✅ OK
Extra Small,XS,✅ OK
Extra large,XL,✅ OK
GOLD / One Size,OS,✅ OK
Henna / L,L,✅ OK
Henna / M,M,✅ OK
Henna / One Size,OS,✅ OK
Henna / S,S,✅ OK
Henna / XL,XL,✅ OK
Henna / XS,XS,✅ OK
Henna / XXL,XXL,✅ OK
Houndstooth / One Size,OS,✅ OK
INCENSE / One Size,OS,✅ OK
Kalamata / 28,28,✅ OK
Kalamata / 30,30,✅ OK
Kalamata / 32,32,✅ OK
Kalamata / 34,34,✅ OK
Kalamata / 36,36,✅ OK
Kalamata / 38,38,✅ OK
Kalamata / L,L,✅ OK
Kalamata / M,M,✅ OK
Kalamata / One Size,OS,✅ OK
Kalamata / S,S,✅ OK
Kalamata / XL,XL,✅ OK
Kalamata / XS,XS,✅ OK
Kalamata / XXL,XXL,✅ OK
Kalamata Plaid / L,L,✅ OK
Kalamata Plaid / M,M,✅ OK
Kalamata Plaid / S,S,✅ OK
Kalamata Plaid / XL,XL,✅ OK
Kalamata Plaid / XS,XS,✅ OK
Kalamata Plaid / XXL,XXL,✅ OK
Kelp / L,L,✅ OK
Kelp / M,M,✅ OK
Kelp / S,S,✅ OK
Kelp / XL,XL,✅ OK
Kelp / XS,XS,✅ OK
Kelp / XXL,XXL,✅ OK
L,L,✅ OK
L / Withered Rose,WITHERED ROSE,✅ OK
L-XL,L-XL,✅ OK
LARGE,L,✅ OK
LAUREL OAK / L,L,✅ OK
LAUREL OAK / M,M,✅ OK
LAUREL OAK / One Size,OS,✅ OK
LAUREL OAK / S,S,✅ OK
LAUREL OAK / XL,XL,✅ OK
LAUREL OAK / XS,XS,✅ OK
LAUREL OAK / XXL,XXL,✅ OK
Large,L,✅ OK
M,M,✅ OK
M / Withered Rose,WITHERED ROSE,✅ OK
M/L,L,✅ OK
MAHOGANY / 10,10Y,✅ OK
MAHOGANY / 10.5,10.5Y,✅ OK
MAHOGANY / 11,11Y,✅ OK
MAHOGANY / 11.5,11.5Y,✅ OK
MAHOGANY / 12,12Y,✅ OK
MAHOGANY / 13,13Y,✅ OK
MAHOGANY / 5,5Y,✅ OK
MAHOGANY / 6,6Y,✅ OK
MAHOGANY / 6.5,6.5Y,✅ OK
MAHOGANY / 7,7Y,✅ OK
MAHOGANY / 7.5,7.5Y,✅ OK
MAHOGANY / 8,8Y,✅ OK
MAHOGANY / 8.5,8.5Y,✅ OK
MAHOGANY / 9,9Y,✅ OK
MAHOGANY / 9.5,9.5Y,✅ OK
MARS RED / L,L,✅ OK
MARS RED / M,M,✅ OK
MARS RED / S,S,✅ OK
MARS RED / XL,XL,✅ OK
MARS RED / XS,XS,✅ OK
MARS RED / XXL,XXL,✅ OK
MEDIUM,M,✅ OK
MERMAID / One Size,OS,✅ OK
MIMOSA / L,L,✅ OK
MIMOSA / M,M,✅ OK
MIMOSA / S,S,✅ OK
MIMOSA / XL,XL,✅ OK
MIMOSA / XS,XS,✅ OK
MIMOSA / XXL,XXL,✅ OK
Medium,M,✅ OK
Minion Yellow / One Size,OS,✅ OK
Mocha / EU38 | UK5.5 | US6,EU 38,✅ OK
Mocha / EU39 | UK6 | US6.5,EU 39,✅ OK
Mocha / EU40 | UK6.5 | US7,EU 40,✅ OK
Mocha / EU41  | UK7 | US8,EU 41,✅ OK
Mocha / EU42 | UK8 | US8.5,EU 42,✅ OK
Mocha / EU43 | UK9 | US9.5,EU 43,✅ OK
Mocha / EU44 | UK9.5 | US10,EU 44,✅ OK
Mocha / EU45 | UK10.5 | US11,EU 45,✅ OK
Multi / 28,28,✅ OK
Multi / 30,30,✅ OK
Multi / 32,32,✅ OK
Multi / 38,38,✅ OK
Multi / 40,40,✅ OK
Multi / 42,42,✅ OK
Multi / One Size,OS,✅ OK
NEON / 10,10Y,✅ OK
NEON / 10.5,10.5Y,✅ OK
NEON / 11,11Y,✅ OK
NEON / 11.5,11.5Y,✅ OK
NEON / 12,12Y,✅ OK
NEON / 13,13Y,✅ OK
NEON / 4,4Y,✅ OK
NEON / 5,5Y,✅ OK
NEON / 7,7Y,✅ OK
NEON / 7.5,7.5Y,✅ OK
NEON / 8,8Y,✅ OK
NEON / 8.5,8.5Y,✅ OK
NEON / 9,9Y,✅ OK
NEON / 9.5,9.5Y,✅ OK
Naval Academy / L,L,✅ OK
Naval Academy / L/XL,XL,✅ OK
Naval Academy / M,M,✅ OK
Naval Academy / One Size,OS,✅ OK
Naval Academy / S,S,✅ OK
Naval Academy / S/M,M,✅ OK
Naval Academy / XL,XL,✅ OK
Naval Academy / XS,XS,✅ OK
Naval Academy / XXL,XXL,✅ OK
Noir Suede / EU38 | UK5.5 | US6,EU 38,✅ OK
Noir Suede / EU39 | UK6 | US6.5,EU 39,✅ OK
Noir Suede / EU40 | UK6.5 | US7,EU 40,✅ OK
Noir Suede / EU41 | UK7 | US8,EU 41,✅ OK
Noir Suede / EU42 | UK8 | US8.5,EU 42,✅ OK
Noir Suede / EU43 | UK9 | US9.5,EU 43,✅ OK
Noir Suede / EU44 | UK9.5 | US10,EU 44,✅ OK
Noir Suede / EU45 | UK10.5 | US11,EU 45,✅ OK
Noir Suede / EU46 | UK11.5 | US12,EU 46,✅ OK
OLIVE / 10,10Y,✅ OK
OLIVE / 10.5,10.5Y,✅ OK
OLIVE / 11,11Y,✅ OK
OLIVE / 11.5,11.5Y,✅ OK
OLIVE / 12,12Y,✅ OK
OLIVE / 4,4Y,✅ OK
OLIVE / 7.5,7.5Y,✅ OK
OLIVE / 8,8Y,✅ OK
OLIVE / 8.5,8.5Y,✅ OK
OLIVE / 9,9Y,✅ OK
OLIVE / 9.5,9.5Y,✅ OK
OLIVE / L,L,✅ OK
OLIVE / M,M,✅ OK
OLIVE / One Size,OS,✅ OK
OLIVE / S,S,✅ OK
OLIVE / XL,XL,✅ OK
OLIVE / XS,XS,✅ OK
OLIVE / XXL,XXL,✅ OK
ONE SIZE,OS,✅ OK
OS,OS,✅ OK
Ocean Mist / EU38 | UK5.5 | US6,EU 38,✅ OK
Ocean Mist / EU39 | UK6 | US6.5,EU 39,✅ OK
Ocean Mist / EU40 | UK6.5 | US7,EU 40,✅ OK
Ocean Mist / EU41 | UK7 | US8,EU 41,✅ OK
Ocean Mist / EU42 | UK8 | US8.5,EU 42,✅ OK
Ocean Mist / EU43 | UK9 | US9.5,EU 43,✅ OK
Ocean Mist / EU44 | UK9.5 | US10,EU 44,✅ OK
Ocean Mist / EU45 | UK10.5 | US11,EU 45,✅ OK
Ocean Mist / EU46 | UK11.5 | US12,EU 46,✅ OK
Oceana / L,L,✅ OK
Oceana / M,M,✅ OK
Oceana / One Size,OS,✅ OK
Oceana / S,S,✅ OK
Oceana / XL,XL,✅ OK
Oceana / XS,XS,✅ OK
Oceana / XXL,XXL,✅ OK
Olive / 10,10Y,✅ OK
Olive / 10.5,10.5Y,✅ OK
Olive / 11,11Y,✅ OK
Olive / 11.5,11.5Y,✅ OK
Olive / 12,12Y,✅ OK
Olive / 4,4Y,✅ OK
Olive / 5,5Y,✅ OK
Olive / 6,6Y,✅ OK
Olive / 6.5,6.5Y,✅ OK
Olive / 7,7Y,✅ OK
Olive / 9,9Y,✅ OK
Olive / 9.5,9.5Y,✅ OK
One Size,OS,✅ OK
Orange / One Size,OS,✅ OK
PRISTINE / 10,10Y,✅ OK
PRISTINE / 10.5,10.5Y,✅ OK
PRISTINE / 11,11Y,✅ OK
PRISTINE / 11.5,11.5Y,✅ OK
PRISTINE / 12,12Y,✅ OK
PRISTINE / 13,13Y,✅ OK
PRISTINE / 4,4Y,✅ OK
PRISTINE / 5,5Y,✅ OK
PRISTINE / 6,6Y,✅ OK
PRISTINE / 6.5,6.5Y,✅ OK
PRISTINE / 7,7Y,✅ OK
PRISTINE / 7.5,7.5Y,✅ OK
PRISTINE / 8,8Y,✅ OK
PRISTINE / 8.5,8.5Y,✅ OK
PRISTINE / 9,9Y,✅ OK
PRISTINE / 9.5,9.5Y,✅ OK
PRISTINE / L,L,✅ OK
PRISTINE / M,M,✅ OK
PRISTINE / One Size,OS,✅ OK
PRISTINE / S,S,✅ OK
PRISTINE / XL,XL,✅ OK
PRISTINE / XS,XS,✅ OK
PRISTINE / XXL,XXL,✅ OK
Petunia / L,L,✅ OK
Petunia / M,M,✅ OK
Petunia / One Size,OS,✅ OK
Petunia / S,S,✅ OK
Petunia / XL,XL,✅ OK
Petunia / XS,XS,✅ OK
Petunia / XXL,XXL,✅ OK
Pine Grove / L,L,✅ OK
Pine Grove / M,M,✅ OK
Pine Grove / One Size,OS,✅ OK
Pine Grove / S,S,✅ OK
Pine Grove / XS,XS,✅ OK
Pink / 120cm,120CM,✅ OK
RAINFOREST / L,L,✅ OK
RAINFOREST / M,M,✅ OK
RAINFOREST / S,S,✅ OK
RAINFOREST / XL,XL,✅ OK
RAINFOREST / XS,XS,✅ OK
RAINFOREST / XXL,XXL,✅ OK
Rain Forest / One Size,OS,✅ OK
Red / 2XL,XXL,✅ OK
Red / 3XL,XXXL,✅ OK
Red / L,L,✅ OK
Red / M,M,✅ OK
Red / S,S,✅ OK
Red / XL,XL,✅ OK
Rust / EU38 | UK5.5 | US6,EU 38,✅ OK
Rust / EU39 | UK6 | US6.5,EU 39,✅ OK
Rust / EU40 | UK6.5 | US7,EU 40,✅ OK
Rust / EU41 | UK7 | US8,EU 41,✅ OK
Rust / EU42 | UK8 | US8.5,EU 42,✅ OK
Rust / EU43 | UK9 | US9.5,EU 43,✅ OK
Rust / EU44 | UK9.5 | US10,EU 44,✅ OK
Rust / EU46 | UK11.5 | US12,EU 46,✅ OK
S,S,✅ OK
S / Withered Rose,WITHERED ROSE,✅ OK
S-M,S-M,✅ OK
SAFARI / One Size,OS,✅ OK
SAILBOAT / One Size,OS,✅ OK
SILVER BIRCH / 28,28,✅ OK
SILVER BIRCH / 30,30,✅ OK
SILVER BIRCH / 32,32,✅ OK
SILVER BIRCH / 34,34,✅ OK
SILVER BIRCH / 36,36,✅ OK
SILVER BIRCH / 38,38,✅ OK
SILVER BIRCH / One Size,OS,✅ OK
SMALL,S,✅ OK
STATUE / One Size,OS,✅ OK
Sand / L/XL,XL,✅ OK
Sand / One Size,OS,✅ OK
Sand / S/M,M,✅ OK
Savvy Red / L,L,✅ OK
Savvy Red / M,M,✅ OK
Savvy Red / S,S,✅ OK
Savvy Red / XL,XL,✅ OK
Savvy Red / XS,XS,✅ OK
Savvy Red / XXL,XXL,✅ OK
Silver Mix / L,L,✅ OK
Silver Mix / M,M,✅ OK
Silver Mix / S,S,✅ OK
Silver Mix / XL,XL,✅ OK
Silver Mix / XS,XS,✅ OK
Silver Mix / XXL,XXL,✅ OK
Small,S,✅ OK
TRAPPER / One Size,OS,✅ OK
Turquoise / 120cm,120CM,✅ OK
UK10.0,UK 10,✅ OK
UK10.5,UK 10.5,✅ OK
UK10.5 / EU44.5 / US11.5 / Light Sand,EU 10.5,✅ OK
UK11 / EU45 / US12 / Light Sand,EU 11,✅ OK
UK11 / EU45 / US12 / Sand,EU 11,✅ OK
UK11.0,UK 11,✅ OK
UK11.5,UK 11.5,✅ OK
UK12 / EU46 / US13 / Sand,EU 12,✅ OK
UK12.0,UK 12,✅ OK
UK12.5,UK 12.5,✅ OK
UK13.0,UK 13,✅ OK
UK14.0,UK 14,✅ OK
UK3.0,UK 3,✅ OK
UK3.5,UK 3.5,✅ OK
UK4.0,UK 4,✅ OK
UK4.5,UK 4.5,✅ OK
UK5.0,UK 5,✅ OK
UK5.5,UK 5.5,✅ OK
UK6 / EU40 / US7 / Light Sand,EU 6,✅ OK
UK6.0,UK 6,✅ OK
UK6.5,UK 6.5,✅ OK
UK7 / EU41 / US8 / Light Sand,EU 7,✅ OK
UK7 / EU41 / US8 / Multi,EU 7,✅ OK
UK7 / EU41 / US8 / Sand,EU 7,✅ OK
UK7.0,UK 7,✅ OK
UK7.5,UK 7.5,✅ OK
UK8 / EU42 / US9 / Light Sand,EU 8,✅ OK
UK8 / EU42 / US9 / Sand,EU 8,✅ OK
UK8.0,UK 8,✅ OK
UK8.5,UK 8.5,✅ OK
UK8.5 / EU42.5 / US9.5 / Light Sand,EU 8.5,✅ OK
UK9 / EU43 / US10 / Light Sand,EU 9,✅ OK
UK9.0,UK 9,✅ OK
UK9.5,UK 9.5,✅ OK
US10.0,US 10,✅ OK
US10.5,US 10.5,✅ OK
US11.0,US 11,✅ OK
US11.5,US 11.5,✅ OK
US12.0,US 12,✅ OK
US12.5,US 12.5,✅ OK
US13.0,US 13,✅ OK
US14.0,US 14,✅ OK
US15.0,US 15,✅ OK
US4.0,US 4,✅ OK
US4.5,US 4.5,✅ OK
US5.0,US 5,✅ OK
US5.5,US 5.5,✅ OK
US6.0,US 6,✅ OK
US6.5,US 6.5,✅ OK
US7.0,US 7,✅ OK
US7.5,US 7.5,✅ OK
US8.0,US 8,✅ OK
US8.5,US 8.5,✅ OK
US9.0,US 9,✅ OK
US9.5,US 9.5,✅ OK
USW10.0,US 10,✅ OK
USW10.5,US 10.5,✅ OK
USW11.0,US 11,✅ OK
USW4.5,US 4.5,✅ OK
USW5.0,US 5,✅ OK
USW5.5,US 5.5,✅ OK
USW6.0,US 6,✅ OK
USW6.5,US 6.5,✅ OK
USW7.0,US 7,✅ OK
USW7.5,US 7.5,✅ OK
USW8.0,US 8,✅ OK
USW8.5,US 8.5,✅ OK
USW9.0,US 9,✅ OK
USW9.5,US 9.5,✅ OK
Vetiver / L,L,✅ OK
Vetiver / S,S,✅ OK
Vetiver / XL,XL,✅ OK
Vetiver / XS,XS,✅ OK
W34,W 34,✅ OK
W36,W 36,✅ OK
W38,W 38,✅ OK
W40,W 40,✅ OK
Warm Sand / L,L,✅ OK
Warm Sand / M,M,✅ OK
Warm Sand / S,S,✅ OK
Warm Sand / XL,XL,✅ OK
Warm Sand / XS,XS,✅ OK
X-LARGE,XL,✅ OK
X-SMALL,XS,✅ OK
XL,XL,✅ OK
XL / Withered Rose,WITHERED ROSE,✅ OK
XS,XS,✅ OK
XS / Withered Rose,WITHERED ROSE,✅ OK
XS/S,S,✅ OK
XX-LARGE,XXL,✅ OK
XXL,XXL,✅ OK
XXL / Withered Rose,WITHERED ROSE,✅ OK
XXS,XXS,✅ OK
Yellow / 120cm,120CM,✅ OK
Yellow / L,L,✅ OK
Yellow / M,M,✅ OK
Yellow / XL,XL,✅ OK
28 / Sandstorm,SANDSTORM,⚠️ Sospechosa
29 / Charcoal,CHARCOAL,⚠️ Sospechosa
33 / Charcoal,CHARCOAL,⚠️ Sospechosa
34 / Charcoal,CHARCOAL,⚠️ Sospechosa
34-38,34-38Y,⚠️ Sospechosa
38-42,38-42Y,⚠️ Sospechosa
42-46,42-46Y,⚠️ Sospechosa
L / Buttercream,BUTTERCREAM,⚠️ Sospechosa
L / Mid Purple,MID PURPLE,⚠️ Sospechosa
L / Oatmeal,OATMEAL,⚠️ Sospechosa
L / Sandstone,SANDSTONE,⚠️ Sospechosa
M / Buttercream,BUTTERCREAM,⚠️ Sospechosa
M / Cashmere,CASHMERE,⚠️ Sospechosa
M / Mid Purple,MID PURPLE,⚠️ Sospechosa
M / Oatmeal,OATMEAL,⚠️ Sospechosa
M / Terrain,TERRAIN,⚠️ Sospechosa
One Size / Realtree®,REALTREE®,⚠️ Sospechosa
S / Buttercream,BUTTERCREAM,⚠️ Sospechosa
S / Cashmere,CASHMERE,⚠️ Sospechosa
S / Mid Purple,MID PURPLE,⚠️ Sospechosa
S / Oatmeal,OATMEAL,⚠️ Sospechosa
S / Terrain,TERRAIN,⚠️ Sospechosa
XL / Buttercream,BUTTERCREAM,⚠️ Sospechosa
XL / Cashmere,CASHMERE,⚠️ Sospechosa
XL / Mid Purple,MID PURPLE,⚠️ Sospechosa
XL / Oatmeal,OATMEAL,⚠️ Sospechosa
XL / Sandstone,SANDSTONE,⚠️ Sospechosa
XS / Buttercream,BUTTERCREAM,⚠️ Sospechosa
XS / Mid Purple,MID PURPLE,⚠️ Sospechosa
XS / Terrain,TERRAIN,⚠️ Sospechosa
XXL / Buttercream,BUTTERCREAM,⚠️ Sospechosa
XXL / Mid Purple,MID PURPLE,⚠️ Sospechosa
Única Talla,ÚNICA TALLA,⚠️ Sospechosa
